"demo1",12345,"demo@demo.org","complete demo username"
"demo2",12345,"demo@demo.org","complete demo username"
"demo3",12345,"demo@demo.org","complete demo username"
"demo4",12345,"demo@demo.org","complete demo username"
"demo5",12345,"demo@demo.org","complete demo username"
"demo6",12345,"demo@demo.org","complete demo username"
"demo7",12345,"demo@demo.org","complete demo username"
"demo8",12345,"demo@demo.org","complete demo username"
"demo9",12345,"demo@demo.org","complete demo username"
"demo10",12345,"demo@demo.org","complete demo username"
